INSERT INTO "abilities" VALUES(10061, 'stamina', 7, 1);
INSERT INTO "ability_names" VALUES(10061, 9, 'Stamina');
INSERT INTO "ability_flavor_text" VALUES(10061, 7, 9, 'Boosts the Defense stat when hit by an attack.');
INSERT INTO "abilities" VALUES(10062, 'wimp-out', 7, 1);
INSERT INTO "ability_names" VALUES(10062, 9, 'Wimp Out');
INSERT INTO "ability_flavor_text" VALUES(10062, 7, 9, 'The Pokémon cowardly switches out when its HP\nbecomes half or less.');
INSERT INTO "abilities" VALUES(10063, 'emergency-exit', 7, 1);
INSERT INTO "ability_names" VALUES(10063, 9, 'Emergency Exit');
INSERT INTO "ability_flavor_text" VALUES(10063, 7, 9, 'The Pokémon, sensing danger, switches out when its\nHP becomes half or less.');
INSERT INTO "abilities" VALUES(10064, 'water-compaction', 7, 1);
INSERT INTO "ability_names" VALUES(10064, 9, 'Water Compaction');
INSERT INTO "ability_flavor_text" VALUES(10064, 7, 9, 'Boosts the Pokémon’s Defense stat sharply when hit\nby a Water-type move.');
INSERT INTO "abilities" VALUES(10065, 'merciless', 7, 1);
INSERT INTO "ability_names" VALUES(10065, 9, 'Merciless');
INSERT INTO "ability_flavor_text" VALUES(10065, 7, 9, 'The Pokémon’s attacks become critical hits if the\ntarget is poisoned.');
INSERT INTO "abilities" VALUES(10066, 'shields-down', 7, 1);
INSERT INTO "ability_names" VALUES(10066, 9, 'Shields Down');
INSERT INTO "ability_flavor_text" VALUES(10066, 7, 9, 'When its HP becomes half or less, the Pokémon’s\nshell breaks and it becomes aggressive.');
INSERT INTO "abilities" VALUES(10067, 'stakeout', 7, 1);
INSERT INTO "ability_names" VALUES(10067, 9, 'Stakeout');
INSERT INTO "ability_flavor_text" VALUES(10067, 7, 9, 'Doubles the damage dealt to the target’s\nreplacement if the target switches out.');
INSERT INTO "abilities" VALUES(10068, 'water-bubble', 7, 1);
INSERT INTO "ability_names" VALUES(10068, 9, 'Water Bubble');
INSERT INTO "ability_flavor_text" VALUES(10068, 7, 9, 'Lowers the power of Fire-type moves done to the\nPokémon and prevents the Pokémon from getting\na burn.');
INSERT INTO "abilities" VALUES(10069, 'steelworker', 7, 1);
INSERT INTO "ability_names" VALUES(10069, 9, 'Steelworker');
INSERT INTO "ability_flavor_text" VALUES(10069, 7, 9, 'Powers up Steel-type moves.');
INSERT INTO "abilities" VALUES(10070, 'berserk', 7, 1);
INSERT INTO "ability_names" VALUES(10070, 9, 'Berserk');
INSERT INTO "ability_flavor_text" VALUES(10070, 7, 9, 'Boosts the Pokémon’s Sp. Atk stat when it takes a \nhit that causes its HP to become half or less.');
INSERT INTO "abilities" VALUES(10071, 'slush-rush', 7, 1);
INSERT INTO "ability_names" VALUES(10071, 9, 'Slush Rush');
INSERT INTO "ability_flavor_text" VALUES(10071, 7, 9, 'Boosts the Pokémon’s Speed stat in a hailstorm.');
INSERT INTO "abilities" VALUES(10072, 'long-reach', 7, 1);
INSERT INTO "ability_names" VALUES(10072, 9, 'Long Reach');
INSERT INTO "ability_flavor_text" VALUES(10072, 7, 9, 'The Pokémon uses its moves without making contact\nwith the target.');
INSERT INTO "abilities" VALUES(10073, 'liquid-voice', 7, 1);
INSERT INTO "ability_names" VALUES(10073, 9, 'Liquid Voice');
INSERT INTO "ability_flavor_text" VALUES(10073, 7, 9, 'All sound-based moves become Water-type moves.');
INSERT INTO "abilities" VALUES(10074, 'triage', 7, 1);
INSERT INTO "ability_names" VALUES(10074, 9, 'Triage');
INSERT INTO "ability_flavor_text" VALUES(10074, 7, 9, 'Gives priority to a healing move.');
INSERT INTO "abilities" VALUES(10075, 'galvanize', 7, 1);
INSERT INTO "ability_names" VALUES(10075, 9, 'Galvanize');
INSERT INTO "ability_flavor_text" VALUES(10075, 7, 9, 'Normal-type moves become Electric-type moves.\nThe power of those moves is boosted a little.');
INSERT INTO "abilities" VALUES(10076, 'surge-surfer', 7, 1);
INSERT INTO "ability_names" VALUES(10076, 9, 'Surge Surfer');
INSERT INTO "ability_flavor_text" VALUES(10076, 7, 9, 'Doubles the Pokémon’s Speed stat on\nElectric Terrain.');
INSERT INTO "abilities" VALUES(10077, 'schooling', 7, 1);
INSERT INTO "ability_names" VALUES(10077, 9, 'Schooling');
INSERT INTO "ability_flavor_text" VALUES(10077, 7, 9, 'When it has a lot of HP, the Pokémon forms a\npowerful school. It stops schooling when its HP\nis low.');
INSERT INTO "abilities" VALUES(10078, 'disguise', 7, 1);
INSERT INTO "ability_names" VALUES(10078, 9, 'Disguise');
INSERT INTO "ability_flavor_text" VALUES(10078, 7, 9, 'Once per battle, the shroud that covers the\nPokémon can protect it from an attack.');
INSERT INTO "abilities" VALUES(10079, 'battle-bond', 7, 1);
INSERT INTO "ability_names" VALUES(10079, 9, 'Battle Bond');
INSERT INTO "ability_flavor_text" VALUES(10079, 7, 9, 'Defeating an opposing Pokémon strengthens the\nPokémon’s bond with its Trainer, and it becomes\nAsh-Greninja. Water Shuriken gets more powerful.');
INSERT INTO "abilities" VALUES(10080, 'power-construct', 7, 1);
INSERT INTO "ability_names" VALUES(10080, 9, 'Power Construct');
INSERT INTO "ability_flavor_text" VALUES(10080, 7, 9, 'Other Cells gather to aid when its HP becomes\nhalf or less. Then the Pokémon changes\nits form to Complete Forme.');
INSERT INTO "abilities" VALUES(10081, 'corrosion', 7, 1);
INSERT INTO "ability_names" VALUES(10081, 9, 'Corrosion');
INSERT INTO "ability_flavor_text" VALUES(10081, 7, 9, 'The Pokémon can poison the target even if it’s\na Steel or Poison type.');
INSERT INTO "abilities" VALUES(10082, 'comatose', 7, 1);
INSERT INTO "ability_names" VALUES(10082, 9, 'Comatose');
INSERT INTO "ability_flavor_text" VALUES(10082, 7, 9, 'It’s always drowsing and will never wake up.\nIt can attack without waking up.');
INSERT INTO "abilities" VALUES(10083, 'queenly-majesty', 7, 1);
INSERT INTO "ability_names" VALUES(10083, 9, 'Queenly Majesty');
INSERT INTO "ability_flavor_text" VALUES(10083, 7, 9, 'Its majesty pressures the opposing Pokémon,\nmaking it unable to attack using priority moves.');
INSERT INTO "abilities" VALUES(10084, 'innards-out', 7, 1);
INSERT INTO "ability_names" VALUES(10084, 9, 'Innards Out');
INSERT INTO "ability_flavor_text" VALUES(10084, 7, 9, 'Damages the attacker landing the finishing hit\nby the amount equal to its last HP.');
INSERT INTO "abilities" VALUES(10085, 'dancer', 7, 1);
INSERT INTO "ability_names" VALUES(10085, 9, 'Dancer');
INSERT INTO "ability_flavor_text" VALUES(10085, 7, 9, 'When another Pokémon uses a dance move,\nit can use a dance move following it regardless\nof its Speed.');
INSERT INTO "abilities" VALUES(10086, 'battery', 7, 1);
INSERT INTO "ability_names" VALUES(10086, 9, 'Battery');
INSERT INTO "ability_flavor_text" VALUES(10086, 7, 9, 'Powers up ally Pokémon’s special moves.');
INSERT INTO "abilities" VALUES(10087, 'fluffy', 7, 1);
INSERT INTO "ability_names" VALUES(10087, 9, 'Fluffy');
INSERT INTO "ability_flavor_text" VALUES(10087, 7, 9, 'Halves the damage taken from moves that make\ndirect contact, but doubles that of Fire-type moves.');
INSERT INTO "abilities" VALUES(10088, 'dazzling', 7, 1);
INSERT INTO "ability_names" VALUES(10088, 9, 'Dazzling');
INSERT INTO "ability_flavor_text" VALUES(10088, 7, 9, 'Surprises the opposing Pokémon, making it unable\nto attack using priority moves.');
INSERT INTO "abilities" VALUES(10089, 'soul-heart', 7, 1);
INSERT INTO "ability_names" VALUES(10089, 9, 'Soul-Heart');
INSERT INTO "ability_flavor_text" VALUES(10089, 7, 9, 'Boosts its Sp. Atk stat every time a Pokémon faints.');
INSERT INTO "abilities" VALUES(10090, 'tangling-hair', 7, 1);
INSERT INTO "ability_names" VALUES(10090, 9, 'Tangling Hair');
INSERT INTO "ability_flavor_text" VALUES(10090, 7, 9, 'Contact with the Pokémon lowers the attacker’s\nSpeed stat.');
INSERT INTO "abilities" VALUES(10091, 'receiver', 7, 1);
INSERT INTO "ability_names" VALUES(10091, 9, 'Receiver');
INSERT INTO "ability_flavor_text" VALUES(10091, 7, 9, 'The Pokémon copies the Ability of a defeated ally.');
INSERT INTO "abilities" VALUES(10092, 'power-of-alchemy', 7, 1);
INSERT INTO "ability_names" VALUES(10092, 9, 'Power of Alchemy');
INSERT INTO "ability_flavor_text" VALUES(10092, 7, 9, 'The Pokémon copies the Ability of a defeated ally.');
INSERT INTO "abilities" VALUES(10093, 'beast-boost', 7, 1);
INSERT INTO "ability_names" VALUES(10093, 9, 'Beast Boost');
INSERT INTO "ability_flavor_text" VALUES(10093, 7, 9, 'The Pokémon boosts its most proficient stat each\ntime it knocks out a Pokémon.');
INSERT INTO "abilities" VALUES(10094, 'rks-system', 7, 1);
INSERT INTO "ability_names" VALUES(10094, 9, 'RKS System');
INSERT INTO "ability_flavor_text" VALUES(10094, 7, 9, 'Changes the Pokémon’s type to match the\nmemory disc it holds.');
INSERT INTO "abilities" VALUES(10095, 'electric-surge', 7, 1);
INSERT INTO "ability_names" VALUES(10095, 9, 'Electric Surge');
INSERT INTO "ability_flavor_text" VALUES(10095, 7, 9, 'Turns the ground into Electric Terrain when the\nPokémon enters a battle.');
INSERT INTO "abilities" VALUES(10096, 'psychic-surge', 7, 1);
INSERT INTO "ability_names" VALUES(10096, 9, 'Psychic Surge');
INSERT INTO "ability_flavor_text" VALUES(10096, 7, 9, 'Turns the ground into Psychic Terrain when\nthe Pokémon enters a battle.');
INSERT INTO "abilities" VALUES(10097, 'misty-surge', 7, 1);
INSERT INTO "ability_names" VALUES(10097, 9, 'Misty Surge');
INSERT INTO "ability_flavor_text" VALUES(10097, 7, 9, 'Turns the ground into Misty Terrain when\nthe Pokémon enters a battle.');
INSERT INTO "abilities" VALUES(10098, 'grassy-surge', 7, 1);
INSERT INTO "ability_names" VALUES(10098, 9, 'Grassy Surge');
INSERT INTO "ability_flavor_text" VALUES(10098, 7, 9, 'Turns the ground into Grassy Terrain when\nthe Pokémon enters a battle.');
INSERT INTO "abilities" VALUES(10099, 'full-metal-body', 7, 1);
INSERT INTO "ability_names" VALUES(10099, 9, 'Full Metal Body');
INSERT INTO "ability_flavor_text" VALUES(10099, 7, 9, 'Prevents other Pokémon’s moves or Abilities from\nlowering the Pokémon’s stats.');
INSERT INTO "abilities" VALUES(10100, 'shadow-shield', 7, 1);
INSERT INTO "ability_names" VALUES(10100, 9, 'Shadow Shield');
INSERT INTO "ability_flavor_text" VALUES(10100, 7, 9, 'Reduces the amount of damage the Pokémon takes\nwhile its HP is full.');
INSERT INTO "abilities" VALUES(10101, 'prism-armor', 7, 1);
INSERT INTO "ability_names" VALUES(10101, 9, 'Prism Armor');
INSERT INTO "ability_flavor_text" VALUES(10101, 7, 9, 'Reduces the power of supereffective attacks taken.');
